{"train_losses": [1.3552744002342225, 1.137314979493618, 1.0499921664595604, 0.996775404214859, 0.9249276489019393, 0.8702320599555969, 0.8325954249799251, 0.7734214429557323, 0.7218757812976837, 0.6987569450438023, 0.6424232002198697, 0.6214351005405188, 0.5455916369110346, 0.5934190893992781, 0.5253401065468788, 0.4176278731673956, 0.3865062285549939, 0.35695946525782346, 0.33450803838297727, 0.34919753098115325, 0.4387340530399233, 0.37121993411704896, 0.45467729470692575, 0.2907861963119358, 0.2537383518423885, 0.25265969046391545, 0.17595009749988094, 0.16114424200099892, 0.15593993954604957, 0.122979328075191, 0.12620948696439155, 0.13145505326602142, 0.1413461023804266, 0.05315181463956833, 0.11386883926956216, 0.093343546096934, 0.09393111109628807, 0.07997071185678942, 0.23987711340968962, 0.1219259310264024, 0.1878879180335207, 0.16992688618251123, 0.13079503962339367, 0.07770822325209156, 0.09569921590268496, 0.07044176607322879, 0.17743886986048893, 0.11856228980503511, 0.01897842752240831, 0.011860094895018847, 0.005872666266252054, 0.004792991798603907, 0.004153751181118423, 0.0035485643303691176, 0.003330139556146605, 0.0032561653572811336, 0.030444044715495694, 0.0039997839807329, 0.0034250013904447768, 0.003295051356064505, 0.0033808744285624926, 0.002591059831862367, 0.028049456996650405, 0.020011777156421887, 0.14700190368847688, 0.06637517062522238, 0.03656032269426214, 0.014058217969097314, 0.010593147063184006, 0.008729968633349927, 0.13206995411061326, 0.07798011670830601, 0.044575120002562474, 0.1469625699432363, 0.06722747717204038, 0.0209525470413937, 0.08866211454966105, 0.04002557010556484, 0.015080761460929352, 0.022685497603692057, 0.034982810322678234, 0.1349516994607402, 0.07860417841377057, 0.012689355765727668, 0.01103666469403106, 0.007553032213183542, 0.004165798961501423, 0.003304507821003426, 0.003064799622465216, 0.002913449053710792, 0.002789909809001983, 0.0027132555845423667, 0.0026334439063393804, 0.0036290923086035034, 0.012800548509791043, 0.005433545717969537, 0.002972346515567551, 0.0026207153750679025, 0.0025116373693781498, 0.0023600543633128836], "val_accuracies": [0.50875, 0.5225, 0.55875, 0.49875, 0.5575, 0.58625, 0.56875, 0.4975, 0.49625, 0.48625, 0.47125, 0.54375, 0.5775, 0.47375, 0.5675, 0.49625, 0.54, 0.52875, 0.49, 0.465, 0.49125, 0.5475, 0.41625, 0.5225, 0.52375, 0.48375, 0.54125, 0.5275, 0.43, 0.495, 0.5525, 0.52875, 0.5, 0.515, 0.49, 0.4975, 0.5675, 0.58, 0.45, 0.47, 0.48375, 0.45625, 0.5675, 0.50875, 0.50625, 0.49, 0.48125, 0.55125, 0.5125, 0.5175, 0.525, 0.5175, 0.51125, 0.51375, 0.51875, 0.51875, 0.50875, 0.50625, 0.5175, 0.51125, 0.51375, 0.50625, 0.52125, 0.52625, 0.52625, 0.51, 0.52375, 0.5075, 0.51125, 0.515, 0.515, 0.49125, 0.52, 0.50625, 0.53125, 0.45625, 0.5275, 0.52375, 0.51375, 0.51625, 0.3975, 0.52, 0.5225, 0.5275, 0.52625, 0.52125, 0.5225, 0.51625, 0.51625, 0.52, 0.52125, 0.52125, 0.52125, 0.52625, 0.52375, 0.52, 0.52, 0.51125, 0.5025, 0.51125]}