{"train_losses": [51.33703375244141, 51.49539085388184], "val_accuracies": [0.3225, 0.27]}